STT,漢字,音（漢越）,読み方,意味
6272,一因,NHẤT NHÂN,いちいん,một nguyên nhân
6273,一円,NHẤT VIÊN,いちえん,"tất cả, hoàn toàn, một yen"
6275,一次,NHẤT THỨ,いちじ,"vòng thứ nhất (thi cử, phỏng vấn)"
6276,一同,NHẤT ĐỒNG,いちどう,"tất thảy, mọi người"
6280,一連,NHẤT LIÊN,いちれん,"chuỗi liên tục, liền thành sợi"
6281,一足,NHẤT TÚC,ひとあし,"một đôi (giày, vớ...)"
6282,一息,NHẤT TỨC,ひといき,"hít một hơi, nghỉ một lát, làm một lèo không nghỉ, chút cố gắng"
6283,一際,NHẤT TẾ,ひときわ,"một bậc, giai cấp, một khi"
6284,一筋,NHẤT CÂN,ひとすじ,"một dòng (sông), một gia tộc, một dây"
6285,一昔,NHẤT TÍCH,ひとむかし,xưa kia
6286,一目,NHẤT MỤC,ひとめ,"nhìn sơ qua, nhìn một chút"
6287,画一,HỌA NHẤT,かくいつ,"nhất thể hóa, đồng nhất"
6288,均一,QUÂN NHẤT,きんいつ,"cân bằng, quân bình"
6290,逐一,TRỤC NHẤT,ちくいち,chi tiết từng cái một
6291,随一,TÙY NHẤT,ずいいち,"nhất, cái đầu tiên"
6293,一覧,NHẤT LÃM,いちらん,"nhìn lướt qua, khái lược"
6294,統一,THỐNG NHẤT,とういつ,thống nhất
6295,圧力,ÁP LỰC,あつりょく,"áp lực, sức ép"
6296,威圧的,UY ÁP ĐÍCH,いあつてき,"thị uy, gây áp lực"
6297,圧勝,ÁP THẮNG,あっしょう,chiến thắng áp đảo
6298,圧倒,ÁP ĐẢO,あっとう,"áp đảo, vượt trội"
6299,圧迫,ÁP BÁCH,あっぱく,"áp bức, ép mạnh, làm eo hẹp"
6300,制圧,CHẾ ÁP,せいあつ,kiềm chế
6301,抑圧,ỨC ÁP,よくあつ,"áp bức, áp chế"
6302,逸材,DẬT TÀI,いつざい,"tài năng xuất chúng, người tài"
6303,逸品,DẬT PHẨM,いっぴん,"tuyệt phẩm, tác phẩm xuất sắc"
6304,逸話,DẬT THOẠI,いつわ,giai thoại
6305,秀逸,TÚ DẬT,しゅういつ,"xuất sắc, hơn hẳn"
6306,逸脱,DẬT THOÁT,いつだつ,chệch đường
6307,実益,THỰC ÍCH,じつえき,lợi ích thực tế
6308,実情,THỰC TÌNH,じつじょう,"thực tình, tình hình thực tế"
6309,実績,THỰC TÍCH,じっせき,thành tựu thực tế
6310,実践,THỰC TIỄN,じっせん,thực tiễn
6311,実体,THỰC THỂ,じったい,thực thể
6312,実態,THỰC THÁI,じったい,tình hình thực tế
6313,実話,THỰC THOẠI,じつわ,chuyện có thật
6314,確実,XÁC THỰC,かくじつ,xác thực
6315,堅実,KIÊN THỰC,けんじつ,"bền vững, chắc chắn"
6316,誠実,THÀNH THỰC,せいじつ,thành thật
6317,切実,THIẾT THỰC,せつじつ,"thích hợp, nghiêm trọng, sâu sắc"
6318,実在,THỰC TẠI,じつざい,"thực tại, tồn tại trong thực tế"
6319,実証,THỰC CHỨNG,じっしょう,"chứng minh bằng sự thật, chứng cứ xác thực"
6320,実践,THỰC TIỄN,じっせん,thực tiễn
6321,結実,KẾT THỰC,けつじつ,"ra trái, đơm hoa kết trái, có kết quả tốt"
6322,充実,SUNG THỰC,じゅうじつ,"đầy đủ, phong phú"
6323,摂理,NHIẾP LÝ,せつり,"thượng đế, trời"
6324,摂取,NHIẾP THỦ,せっしゅ,"tiếp thu, hấp thụ"
6325,学説,HỌC THUYẾT,がくせつ,học thuyết
6329,演説,DIỄN THUYẾT,えんぜつ,diễn thuyết
6330,解説,GIẢI THUYẾT,かいせつ,"giải thích, diễn dịch"
6331,力説,LỰC THUYẾT,りきせつ,"nhấn mạnh, lập luận mạnh mẽ"
6332,突如,ĐỘT NHƯ,とつじょ,"đột nhiên, bất chợt"
6333,突発的,ĐỘT PHÁT ĐÍCH,とっぱつてき,"đột nhiên, bất chợt"
6334,突撃,ĐỘT KÍCH,とつげき,đột kích
6335,突破,ĐỘT PHÁ,とっぱ,đột phá
6336,激突,KÍCH ĐỘT,げきとつ,"đâm sầm, đụng mạnh"
6337,衝突,XUNG ĐỘT,しょうとつ,xung đột
6339,発起人,PHÁT KHỞI NHÂN,ほっきにん,"người khởi đầu, người sáng lập"
6340,発育,PHÁT DỤC,はついく,"phát dục, trưởng thành"
6341,発芽,PHÁT NHA,はつが,nảy mầm
6342,発揮,PHÁT HUY,はっき,phát huy
6344,発信,PHÁT TÍN,はっしん,phát tin
6345,発生,PHÁT SINH,はっせい,"phát sinh, sinh ra (cái mới)"
6346,発熱,PHÁT NHIỆT,はつねつ,"phát sốt, phát ra sức nóng"
6347,発病,PHÁT BỆNH,はつびょう,phát bệnh
6348,発足,PHÁT TÚC,ほっそく,"bắt đầu hoạt động, xuất phát"
6350,再発,TÁI PHÁT,さいはつ,tái phát
6351,摘発,TRÍCH PHÁT,てきはつ,"vạch trần, phơi bày"
6352,乱発,LOẠN PHÁT,らんぱつ,phát hành tràn lan
6353,連発,LIÊN PHÁT,れんぱつ,phát ra liên tục
6354,結晶,KẾT TINH,けっしょう,kết tinh
6355,結末,KẾT MẠT,けつまつ,"kết thúc, kết cục"
6356,結論,KẾT LUẬN,けつろん,kết luận
6357,結納,KẾT NẠP,ゆいのう,"hứa hôn, quà hứa hôn"
6358,結実,KẾT THỰC,けつじつ,"ra trái, đơm hoa kết trái, có kết quả tốt"
6359,結成,KẾT THÀNH,けっせい,"lập thành (tổ chức, đoàn thể)"
6360,結束,KẾT THÚC,けっそく,"trói buộc, đoàn kết"
6361,完結,HOÀN KẾT,かんけつ,"kết thúc, hoàn thành"
6362,団結,ĐOÀN KẾT,だんけつ,đoàn kết
6363,密度,MẬT ĐỘ,みつど,mật độ
6364,過密,QUÁ MẬT,かみつ,"đông đúc, mật độ cao"
6365,厳密,NGHIÊM MẬT,げんみつ,nghiêm ngặt
6366,精密,TINH MẬT,せいみつ,"chính xác, kĩ lưỡng, cặn kẽ"
6367,緻密,TRÍ MẬT,ちみつ,"tỉ mỉ, tận tường, kĩ lưỡng, tinh vi"
6368,綿密,MIÊN MẬT,めんみつ,"tỉ mỉ, tận tường, kĩ lưỡng, tinh vi"
6369,密集,MẬT TẬP,みっしゅう,tập trung dày đặc
6370,密接,MẬT TIẾP,みっせつ,khắn khít
6371,密着,MẬT TRỨ,みっちゃく,dính chặt
6372,密輸,MẬT THÂU,みつゆ,buôn lậu
6373,立法,LẬP PHÁP,りっぽう,lập pháp
6374,立証,LẬP CHỨNG,りっしょう,"chứng thực, đưa ra bằng chứng làm sáng tỏ"
6375,立脚,LẬP CƯỚC,りっきゃく,"đứng trên (lập trường), căn cứ trên"
6376,確立,XÁC LẬP,かくりつ,xác lập
6377,起立,KHỞI LẬP,きりつ,"đứng dậy, nghiêm (tỏ ý tôn trọng)"
6378,孤立,CÔ LẬP,こりつ,cô lập
6380,設立,THIẾT LẬP,せつりつ,"thiết lập, tạo dựng mới (cơ quan, trường học)"
6381,創立,SÁNG LẬP,そうりつ,sáng lập
6382,両立,LƯỠNG LẬP,りょうりつ,hoàn thành tốt cả hai
6383,決算,QUYẾT TOÁN,けっさん,"kết toán, quyết toán"
6384,判決,PHÁN QUYẾT,はんけつ,"phán quyết, xét xử"
6385,決意,QUYẾT Ý,けつい,"quyết tâm, ý đã quyết"
6387,決着,QUYẾT TRỨ,けっちゃく,đi đến kết luận
6388,決裂,QUYẾT LIỆT,けつれつ,"đổ gãy, rời ra, tan vỡ"
6389,対決,ĐỐI QUYẾT,たいけつ,"đối đầu, đấu tay đôi"
6390,雑務,TẠP VỤ,ざつむ,tạp vụ
6391,混雑,HỖN TẠP,こんざつ,hỗn tạp
6392,煩雑,PHIỀN TẠP,はんざつ,"phiền phức, rối rắm"
6394,乱雑,LOẠN TẠP,らんざつ,"lẫn lộn, tạp nham"
6395,雑談,TẠP ĐÀM,ざつだん,nói chuyện phiếm
6396,失格,THẤT CÁCH,しっかく,"mất tư cách, không đủ tư cách"
6397,失敬,THẤT KÍNH,しっけい,thất kính
6398,失言,THẤT NGÔN,しつげん,"buột miệng, lỡ lời"
6399,過失,QUÁ THẤT,かしつ,"lỗi lầm, khuyết điểm"
6400,損失,TỔN THẤT,そんしつ,tổn thất
6401,失業,THẤT NGHIỆP,しつぎょう,thất nghiệp
6402,失神,THẤT THẦN,しっしん,"bất tỉnh, ngất xỉu"
6403,失点,THẤT ĐIỂM,しってん,mất điểm
6404,失念,THẤT NIỆM,しつねん,"không nhớ ra, đãng trí"
6405,喪失,TANG THẤT,そうしつ,"đánh mất, làm mất"
6406,紛失,PHÂN THẤT,ふんしつ,làm mất
6407,歳出,TUẾ XUẤT,さいしゅつ,chi tiêu hàng năm
6408,出演,XUẤT DIỄN,しゅつえん,"trình diễn, xuất hiện (trên tivi, sân khấu)"
6409,出現,XUẤT HIỆN,しゅつげん,xuất hiện
6410,出動,XUẤT ĐỘNG,しゅつどう,"huy động, ra ngoài hoạt động (theo đội)"
6411,出没,XUẤT MỘT,しゅつぼつ,ẩn hiện
6412,出力,XUẤT LỰC,しゅつりょく,"xuất ra, công suất"
6413,退出,THOÁI XUẤT,たいしゅつ,thoái lui
6414,脱出,THOÁT XUẤT,だっしゅつ,"rút ra, thoát khỏi"
6415,提出,ĐỀ XUẤT,ていしゅつ,đề xuất
6416,排出,BÀI XUẤT,はいしゅつ,thải ra ngoài
6417,輩出,BỐI XUẤT,はいしゅつ,liên tục xuất hiện những nhân tài
6418,絶景,TUYỆT CẢNH,ぜっけい,cảnh tuyệt đẹp
6419,絶好,TUYỆT HẢO,ぜっこう,"tuyệt hảo, tuyệt vời"
6420,絶頂,TUYỆT ĐỈNH,ぜっちょう,"tuyệt đỉnh, đỉnh cao"
6421,絶版,TUYỆT BẢN,ぜっぱん,không còn xuất bản nữa
6422,絶妙,TUYỆT DIỆU,ぜつみょう,tuyệt diệu
6423,絶望,TUYỆT VỌNG,ぜつぼう,tuyệt vọng
6424,絶滅,TUYỆT DIỆT,ぜつめつ,tuyệt chủng
6425,気絶,KHÍ TUYỆT,きぜつ,"thất thần, bất tỉnh"
6426,拒絶,CỰ TUYỆT,きょぜつ,cự tuyệt
6427,根絶,CĂN TUYỆT,こんぜつ,diệt trừ tận gốc
6428,断絶,ĐOẠN TUYỆT,だんぜつ,"đoạn tuyệt, cắt đứt, tuyệt tự"
